question,answer
What documents are required for admission?,10th and 12th mark sheets transfer certificate ID proof photographs and migration certificate are required.
How can I apply for admission?,Apply through the official university admission portal by filling the online form.
What courses are offered?,Engineering management science arts commerce law and pharmacy courses are offered.
Is there an entrance exam?,Some programs require entrance exams while others are merit based.
What is the eligibility for engineering?,12th pass with physics chemistry and mathematics is required.
What is the eligibility for MBA?,A bachelor degree with minimum qualifying marks is required.
What is the duration of BTech?,The BTech program duration is four years.
What is the duration of MBA?,The MBA program duration is two years.
Is hostel facility available?,Yes separate hostel facilities are available for boys and girls.
Is mess facility included?,Yes mess facility is included in hostel accommodation.
What is the fee structure?,The fee structure varies by course and is published on the website.
Is there online fee payment?,Yes online fee payment is available through the student portal.
Can fees be paid in installments?,Some courses allow installment based fee payment.
Is there any scholarship?,Merit based and government scholarships are available.
How to apply for scholarship?,Scholarship applications can be submitted through national scholarship portal.
What are the semester exam dates?,Exam dates are mentioned in the academic calendar.
Is attendance mandatory?,Yes minimum attendance is mandatory to appear in exams.
What is the grading system?,The university follows a credit based grading system.
Is there a library?,Yes a digital and physical library is available.
Are e books available?,Yes e books and online journals are accessible.
Does the university provide placements?,Yes the university has an active placement cell.
Which companies visit the campus?,IT finance manufacturing and core companies visit.
What is the average placement package?,Average package varies depending on course and year.
Is internship compulsory?,Yes internships are mandatory for most professional programs.
Is there a training cell?,Yes soft skill and technical training is provided.
Are sports facilities available?,Yes indoor and outdoor sports facilities are present.
Is there a gym?,Yes a gym facility is available on campus.
Is transport facility available?,Yes bus transport is available from major locations.
What is the admission deadline?,Deadlines are announced on the admission portal.
Can I change my course later?,Course change is allowed as per university rules.
Is lateral entry available?,Yes lateral entry is available for diploma students.
Is there an orientation program?,Yes orientation programs are conducted for new students.
Is there a counseling cell?,Yes academic and personal counseling services are available.
Are online classes available?,Yes online and hybrid classes are supported.
Is the campus WiFi enabled?,Yes the entire campus is WiFi enabled.
Are there student clubs?,Yes technical cultural and sports clubs are active.
Is ragging prohibited?,Yes the university follows strict anti ragging policies.
What is the university email?,The official email is admissions@university.edu.
How to contact administration?,Contact details are available on the official website.
Is medical facility available?,Yes a medical center is available on campus.
Are international students allowed?,Yes international students can apply.
Is there an exchange program?,Yes international exchange programs are offered.
What is the refund policy?,Refund policy follows government norms.
Is there a dress code?,Some departments follow a dress code.
Is research encouraged?,Yes research and innovation are actively encouraged.
Are PhD programs available?,Yes PhD programs are offered in multiple disciplines.
What is the university accreditation status?,The university is recognized by national regulatory bodies and accredited by relevant authorities.
Is the university UGC approved?,Yes the university is approved by the University Grants Commission.
Does the university offer online degrees?,Some programs are offered in online and blended learning modes.
What is the medium of instruction?,The primary medium of instruction is English.
Are part time courses available?,Yes select courses are available in part time mode.
Is there an alumni association?,Yes the university has an active alumni network.
How can I access the alumni portal?,Alumni can register and access the portal through the official website.
Is campus placement compulsory?,Placement participation is optional for eligible students.
Does the university conduct job fairs?,Yes annual job fairs and career events are organized.
Are mock interviews conducted?,Yes mock interviews and resume workshops are provided.
Is foreign language training available?,Yes foreign language courses are offered as electives.
Does the university have industry tie ups?,Yes the university has collaborations with industry partners.
Are research labs available?,Yes advanced research labs are available for students.
Can undergraduates participate in research?,Yes undergraduate research opportunities are encouraged.
Is there a startup incubation center?,Yes an incubation center supports student startups.
Are innovation grants available?,Yes funding is available for innovative student projects.
Does the university support hackathons?,Yes regular hackathons and coding events are conducted.
Is there a grievance redressal cell?,Yes a grievance redressal mechanism is in place.
How can students submit grievances?,Grievances can be submitted through the student portal.
Are student elections conducted?,Yes student council elections are held annually.
Is there a student code of conduct?,Yes students must follow the university code of conduct.
Are cultural festivals organized?,Yes annual cultural and technical festivals are organized.
Is there an auditorium on campus?,Yes a large auditorium is available for events.
Are seminar halls available?,Yes multiple seminar halls are available.
Does the university provide ID cards?,Yes ID cards are issued to all students.
Is biometric attendance used?,Some departments use biometric attendance systems.
Are parents meetings conducted?,Yes parent teacher meetings are organized.
Is campus security available?,Yes the campus has 24 by 7 security.
Are CCTV cameras installed?,Yes CCTV surveillance is available across campus.
Is there a lost and found department?,Yes lost and found services are handled by administration.
Are cafeteria facilities available?,Yes cafeterias and food courts are available.
Is food hygienic on campus?,Food services follow hygiene and safety standards.
Are vegetarian and non vegetarian options available?,Yes both options are available.
Is drinking water available?,Yes purified drinking water is provided.
Is there a rainwater harvesting system?,Yes sustainable water management systems are implemented.
Does the university promote green initiatives?,Yes eco friendly initiatives are encouraged.
Is there an NSS or NCC unit?,Yes both NSS and NCC units are available.
Are community service programs conducted?,Yes community outreach programs are organized.
Is there a mentoring system?,Yes faculty mentors are assigned to students.
Are academic advisors available?,Yes academic advising support is provided.
Does the university support competitive exam preparation?,Yes guidance for competitive exams is available.
Is there a career guidance cell?,Yes a career guidance cell assists students.
Are study abroad programs available?,Yes study abroad opportunities are offered.
Is credit transfer possible?,Credit transfer is allowed as per regulations.
Are late admissions allowed?,Late admissions depend on seat availability.
Does the university issue bonafide certificates?,Yes bonafide certificates can be requested.
How long does it take to issue certificates?,Certificates are usually issued within a few working days.
What is the academic calendar?,The academic calendar outlines semesters holidays exams and important academic dates.
How many semesters are there in a year?,There are two main semesters in an academic year.
Is there a summer term?,Some programs offer optional summer terms.
Can students take extra courses?,Yes additional courses can be taken with approval.
Is course registration mandatory?,Yes students must register for courses each semester.
What happens if I miss course registration?,Late registration may attract a penalty.
Can courses be dropped?,Yes courses can be dropped within the allowed period.
Is there an add drop period?,Yes an add drop window is provided at semester start.
How are internal marks calculated?,Internal marks are based on tests assignments and attendance.
Are assignments mandatory?,Yes assignments are part of internal assessment.
Is plagiarism checked?,Yes plagiarism checks are conducted for submissions.
What is the minimum passing mark?,Students must score minimum passing marks as per regulations.
What happens if a student fails a subject?,The student can appear for a supplementary exam.
Are supplementary exams available?,Yes supplementary exams are conducted.
Is revaluation allowed?,Yes students can apply for exam revaluation.
How to apply for revaluation?,Revaluation requests can be submitted online.
Is there a backlog exam?,Yes backlog exams are conducted.
Can students improve grades?,Grade improvement exams may be allowed.
How is CGPA calculated?,CGPA is calculated based on credit weighted grades.
Is there a maximum study duration?,Yes programs have a maximum completion duration.
Are attendance shortages condoned?,Condonation may be allowed under certain conditions.
Is medical leave accepted?,Medical leave is accepted with valid proof.
Can students take academic leave?,Academic leave can be applied with approval.
Are faculty office hours available?,Yes faculty provide office hours for consultation.
Can students change electives?,Elective changes are allowed within deadlines.
Are guest lectures conducted?,Yes industry experts are invited for guest lectures.
Are workshops organized?,Yes regular academic workshops are conducted.
Is online exam mode available?,Some assessments may be conducted online.
Are open book exams conducted?,Open book exams depend on course policy.
Is there an examination manual?,Yes exam rules are published by the university.
How are exam halls allotted?,Exam halls are allotted automatically.
Is hall ticket mandatory?,Yes hall ticket is required to appear in exams.
How to download hall ticket?,Hall tickets can be downloaded from the portal.
What if I lose my hall ticket?,Duplicate hall tickets can be issued.
Is there an exam grievance process?,Yes exam related grievances can be raised.
How are results announced?,Results are published on the student portal.
Can students access answer scripts?,Answer scripts may be viewed upon request.
Is there academic audit?,Yes academic audits are conducted regularly.
Does the university follow NEP?,Yes programs align with national education policies.
Are interdisciplinary courses allowed?,Yes interdisciplinary learning is encouraged.
Is credit banking available?,Academic credit banking is supported.
Can students exit and reenter programs?,Multiple exit and entry options are available.
Are bridge courses offered?,Yes bridge courses are offered for foundational support.
Is remedial coaching provided?,Yes remedial classes are available.
Are slow learners supported?,Special academic support is provided.
Are advanced learners encouraged?,Advanced learners are given enrichment options.
Does the university support MOOCs?,Yes MOOC credits can be transferred.
Are online certifications recognized?,Recognized certifications may be credited.
Is there an ERP system?,Yes an ERP system manages academics and admin.
Can parents access student progress?,Limited parent access may be available.
Is student data secure?,Yes data privacy measures are implemented.
Are digital transcripts available?,Yes digital transcripts can be requested.
Is cloud storage provided?,Students receive institutional email storage.
Is university email mandatory?,Yes official communication uses university email.
Are notices sent via email?,Yes important notices are emailed.
Is SMS alert system used?,Yes SMS alerts are sent for key updates.
Is there a mobile app?,Yes a student mobile app is available.
Are campus maps available?,Digital campus maps are provided.
Is accessibility support available?,Support is provided for differently abled students.
Are ramps and elevators present?,Yes campus is accessibility friendly.
Is there sign language support?,Support may be arranged if required.
Are examination scribes available?,Scribes are provided as per rules.
Is emergency response available?,Emergency protocols are in place.
Is there a disaster management plan?,Yes safety and disaster plans exist.
Are fire safety systems installed?,Yes fire safety systems are installed.
Is insurance provided to students?,Group insurance coverage may be available.
Are students covered during internships?,Internship insurance may be provided.
Is anti discrimination policy enforced?,Yes strict anti discrimination policies exist.
Is there a POSH committee?,Yes POSH committee is active.
Are awareness programs conducted?,Yes regular awareness sessions are conducted.
Is there mental health support?,Mental health counseling services are available.
Are stress management sessions held?,Yes wellness programs are conducted.
Is yoga or meditation offered?,Yes wellness activities are encouraged.
Are medical checkups conducted?,Periodic health checkups may be organized.
Is ambulance service available?,Yes emergency ambulance service is available.
Are night study facilities open?,Library night access may be available.
Is hostel curfew enforced?,Hostel curfew rules apply.
Are visitors allowed in hostels?,Visitor policies are defined.
Is hostel leave required?,Permission is required for hostel leave.
Are hostel rooms shared?,Rooms may be shared or single as per availability.
Is laundry service available?,Laundry facilities are provided.
Are power backups available?,Backup power systems are installed.
Is drinking water tested?,Water quality is regularly tested.
Are maintenance complaints tracked?,Maintenance requests can be submitted online.
Is there a helpdesk?,A student helpdesk is available.
Can students raise support tickets?,Support tickets can be raised digitally.
Are orientation manuals provided?,Orientation manuals are distributed.
Is there a code repository access?,Some programs provide repository access.
Are labs open after hours?,Lab access depends on department policy.
Is equipment training provided?,Lab safety and equipment training is provided.
Are certifications issued digitally?,Digital certificates are issued.
Are convocation ceremonies held?,Yes annual convocation ceremonies are conducted.
How to apply for degree certificate?,Degree certificate applications are online.
Is provisional certificate issued?,Yes provisional certificates are issued.
Are transcripts chargeable?,Transcript issuance may involve a fee.
Is name correction allowed?,Name corrections are allowed with documents.
Can students update personal details?,Personal details can be updated through portal.
Are hostel fees refundable?,Refund policies apply as per rules.
Are fines imposed for damages?,Damages may attract penalties.
Is campus smoking free?,Yes smoking is prohibited.
Is alcohol prohibited on campus?,Alcohol is strictly prohibited.
Are students allowed vehicles?,Vehicle policies are defined by campus rules.
Is parking available?,Parking facilities are available.
Are electric vehicle chargers available?,EV charging may be available.
Does university track carbon footprint?,Sustainability tracking may be implemented.
Are green credits awarded?,Environmental initiatives may earn credits.
Is community engagement mandatory?,Some programs include community engagement.
Are service learning credits offered?,Service learning is integrated in curriculum.
Are ethical courses mandatory?,Ethics courses are part of curriculum.
Is academic integrity enforced?,Strict academic integrity rules apply.
Are disciplinary committees active?,Disciplinary committees handle violations.
Can students appeal disciplinary actions?,Appeal mechanisms are available.
Are international collaborations active?,Yes global academic collaborations exist.
Are dual degree programs available?,Some dual degree options are offered.
Is language proficiency required?,Language requirements depend on program.
Are bridge language courses offered?,Language bridge courses are available.
Are international exchange credits transferable?,Exchange credits may be transferred.
Is visa assistance provided?,Visa guidance is provided to international students.
Is airport pickup available?,Airport pickup may be arranged.
Are international hostels available?,Separate hostels may be available.
Is cultural integration support provided?,Support programs help cultural integration.
Are placement statistics published?,Placement reports are published annually.
Is higher studies guidance available?,Guidance for higher education is provided.
Are recommendation letters issued?,Faculty provide recommendation letters.
Is transcript sent to foreign universities?,Official transcript dispatch is supported.
Are alumni mentors assigned?,Alumni mentoring programs exist.
Is entrepreneurship credit available?,Entrepreneurship activities may earn credits.
Are patents encouraged?,Patent filing support is provided.
Is intellectual property protected?,IP policies protect innovations.
Are startup credits recognized?,Startup work may be academically recognized.
Is incubation space provided?,Incubation space is available.
Are industry projects mandatory?,Industry projects are part of curriculum.
Are capstone projects required?,Capstone projects are mandatory.
Is project funding available?,Project funding may be provided.
Are faculty advisors assigned?,Faculty advisors guide projects.
Is thesis required for PG?,Thesis is required for postgraduate programs.
Are viva examinations conducted?,Viva exams are part of evaluation.
Are external examiners involved?,External examiners participate in evaluations.
Is anonymized evaluation used?,Anonymous evaluation may be followed.
Are results audited?,Results undergo quality checks.
Is academic counseling confidential?,Counseling sessions are confidential.
Are student surveys conducted?,Feedback surveys are conducted.
Is feedback used for improvement?,Feedback is used for academic improvements.
Are rankings published?,University rankings are published.
Does university participate in rankings?,Yes national and international rankings are pursued.
Are quality assurance cells active?,Quality assurance cells operate continuously.
Is NAAC accreditation available?,Accreditation status is publicly available.
Are ISO standards followed?,ISO processes may be implemented.
Is continuous improvement practiced?,Continuous improvement mechanisms exist.
Where is the university located?,The university is located at a well connected and accessible location.
Is the university private or government?,The university operates as per its official registration status.
When does admission start?,Admissions usually start after board or entrance exam results.
Is online admission available?,Yes admissions can be completed online.
Can parents visit the campus?,Yes parents are allowed to visit the campus.
Is campus visit allowed before admission?,Yes campus visits can be scheduled.
What is the campus size?,The campus covers a large area with academic and residential facilities.
Is the campus safe?,Yes the campus is monitored and secure.
Are girls safe on campus?,Yes special safety measures are in place.
Is hostel compulsory?,Hostel stay is optional.
Can day scholars study here?,Yes day scholars are allowed.
What time do classes start?,Classes usually start in the morning hours.
What time do classes end?,Classes typically end by evening.
Is Saturday a working day?,Some Saturdays may be working depending on schedule.
Are Sundays holidays?,Sundays are generally holidays.
Is attendance taken daily?,Yes attendance is recorded regularly.
How strict is attendance?,Attendance rules are strictly followed.
Can students take leave?,Students can take leave with permission.
Who approves student leave?,Leave is approved by faculty or administration.
Is medical leave accepted?,Yes with valid medical documents.
Is hostel food good?,Hostel food follows standard quality norms.
Can students eat outside food?,Outside food policies depend on hostel rules.
Is vegetarian food available?,Yes vegetarian options are available.
Is non vegetarian food available?,Yes non vegetarian food is served.
How many students share a hostel room?,Rooms may be shared by two or more students.
Is AC hostel available?,AC hostel availability depends on campus facilities.
Is WiFi free?,Yes WiFi is available for students.
Is WiFi fast?,Internet speed is sufficient for academic use.
Are mobile phones allowed in class?,Mobile phone rules depend on faculty policy.
Are laptops allowed?,Yes laptops are allowed for academic purposes.
Is online study material provided?,Yes digital study materials are provided.
Are notes provided by teachers?,Teachers provide notes and references.
Are textbooks compulsory?,Textbooks are recommended for learning.
Is uniform required?,Some departments may require uniforms.
Is ID card mandatory?,Yes ID card must be carried on campus.
What happens if ID card is lost?,Duplicate ID card can be issued.
Is library membership automatic?,Yes students are automatically enrolled.
How many books can be issued?,Book limit depends on library rules.
How long can books be kept?,Books can be kept for a defined period.
Is fine charged for late return?,Yes late return fines may apply.
Are exam results displayed publicly?,Results are published online.
Do students get marksheets?,Yes official marksheets are issued.
Are exams difficult?,Exams follow curriculum standards.
Are questions predictable?,Questions are based on syllabus.
How many exams in a semester?,There are internal and final exams.
Are internal exams important?,Yes internal marks are counted.
Can students fail?,Yes failing is possible if performance is poor.
What happens if someone fails?,They can reappear in exams.
Are teachers helpful?,Faculty support students academically.
Can students talk to teachers freely?,Yes during office hours.
Is English compulsory?,English is commonly used for instruction.
Can students speak Hindi?,Some flexibility exists depending on region.
Are cultural events frequent?,Yes events are held regularly.
Can anyone participate in events?,Yes students are encouraged to participate.
Are sports compulsory?,Sports participation is encouraged.
Is medical certificate required?,Medical proof is required for medical leave.
Is there a notice board?,Yes physical and digital notice boards exist.
How are announcements made?,Announcements are made via portal and notices.
Is there a student portal?,Yes students get portal access.
Can students see attendance online?,Yes attendance is visible on portal.
Can students see marks online?,Yes internal and exam marks are visible.
Is fee receipt available online?,Yes digital receipts are provided.
Can parents pay fees?,Yes parents can pay fees.
Is fee payment secure?,Yes secure payment gateways are used.
Is there any hidden fee?,All fees are officially disclosed.
Can fees increase yearly?,Fee revisions depend on policy.
Is refund possible after admission?,Refund depends on refund policy.
Can admission be cancelled?,Yes as per university rules.
Is there any penalty for leaving course?,Penalties depend on timing of exit.
Do students get student email?,Yes institutional email is provided.
Is WhatsApp used for updates?,Some departments use WhatsApp groups.
Is there a canteen?,Yes canteen facilities are available.
Are food prices reasonable?,Food prices are student friendly.
Is there drinking water everywhere?,Yes water points are available.
Are washrooms clean?,Cleanliness is regularly maintained.
Is housekeeping available?,Yes housekeeping staff is present.
Is there power backup?,Yes backup systems are available.
Are classes cancelled often?,Classes follow academic schedule.
Is online attendance taken?,Attendance may be recorded digitally.
Can students complain anonymously?,Yes grievance systems allow anonymity.
Are complaints taken seriously?,Yes complaints are addressed formally.
Is there any dress restriction?,Decent dress code is expected.
Are festivals celebrated?,Yes festivals are celebrated on campus.
Is there holiday on festivals?,Some festivals are declared holidays.
Can students form clubs?,Yes student clubs are encouraged.
Do students get certificates for events?,Yes participation certificates are issued.
Is there any curfew for hostels?,Yes hostel curfew timings apply.
Can parents stay in hostel?,Parents are not allowed to stay.
Is there guest house nearby?,Guest accommodation may be available.
Is campus open at night?,Access depends on security rules.
Can students study late?,Study areas may remain open late.
Is there noise restriction?,Yes silence rules apply at night.
Is campus smoking allowed?,Smoking is prohibited.
Is alcohol allowed?,Alcohol is strictly prohibited.
Are outsiders allowed inside?,Entry is regulated for safety.
Is campus crowded?,Campus population is manageable.
Are classrooms air conditioned?,Some classrooms may be air conditioned.
Is seating comfortable?,Classrooms have adequate seating.
Is projector used in class?,Smart classrooms are available.
Are practical labs modern?,Labs are well equipped.
Do students get lab manuals?,Lab manuals are provided.
Are lab coats compulsory?,Lab safety rules apply.
Is there any orientation on first day?,Yes orientation is conducted.
Is first year difficult?,First year is introductory.
Can students make friends easily?,Campus life encourages interaction.
Is university life stressful?,Support systems help manage stress.
Is college life enjoyable?,Students enjoy academics and activities.
How many students are enrolled?,The university has approximately 15000 students.
How many faculty members are there?,There are around 800 faculty members.
How many courses are offered?,Over 120 undergraduate and postgraduate courses are offered.
What is the total number of departments?,There are 25 academic departments.
What is the total campus area?,The campus spans over 150 acres.
What is the average class size?,Average class size is around 40 students.
What is the total number of hostels?,There are 10 hostels for boys and girls.
Is there a separate hostel for girls?,Yes multiple girls hostels are available.
What is the average hostel fee?,Hostel fees range from ₹50000 to ₹90000 per year depending on room type.
Is mess fee included?,Yes mess fee is included in the hostel package.
Are scholarships merit based?,Yes merit scholarships are provided to top performers.
Are scholarships need based?,Yes need-based scholarships are available.
Is there a fee concession for alumni children?,Some fee concessions are available for alumni children.
What is the tuition fee for BTech?,Approximate fee is ₹150000 per year.
What is the tuition fee for MBA?,Approximate fee is ₹200000 per year.
What is the tuition fee for Arts and Science?,Approximate fee is ₹80000 per year.
Are online payment options available?,Yes fees can be paid online via student portal.
Can fees be paid in installments?,Yes installment options are available.
Are foreign students allowed?,Yes international students can apply.
What is the intake of foreign students?,Currently around 500 foreign students are enrolled.
Are exchange programs available?,Yes student exchange programs are available.
How many international collaborations exist?,Over 30 partner universities globally.
Which entrance exams are accepted?,JEE; CAT; and university-specific exams are accepted.
Is there a management quota?,Yes a limited number of seats are reserved under management quota.
What is the cutoff for admission?,Cutoffs vary yearly depending on program and category.
Which undergraduate courses are most popular?,BTech; BBA; BA Economics; BSc Computer Science are popular.
Which postgraduate courses are most popular?,MBA; MSc Data Science; MA English are popular.
What is the average placement percentage?,Average placement rate is around 85%.
What is the highest placement package?,Highest package in recent years is ₹40 LPA.
What is the average placement package?,Average package is ₹8 LPA.
Which companies recruit frequently?,TCS; Infosy; Deloitte; Microsoft; Amazon; Wipro recruit regularly.
Is internship mandatory?,Yes internships are compulsory for professional courses.
Are summer internships available?,Yes students complete summer internships after 2nd and 3rd years.
Does university provide placement training?,Yes training includes soft skills; resume writing; mock interviews.
Is there a placement cell?,Yes an active placement cell coordinates recruitment.
Is there a career guidance cell?,Yes career counseling is provided to students.
What is the NAAC accreditation grade?,The university has NAAC A+ grade.
Is the university UGC recognized?,Yes recognized by University Grants Commission.
Is the university AICTE approved?,Yes applicable for technical programs.
What is the NIRF ranking?,The university ranks within top 100 nationally.
Are ISO standards followed?,Yes ISO 9001 quality management is implemented.
Is research encouraged?,Yes students are encouraged to publish papers and attend conferences.
Are patents filed by students?,Yes support for filing patents is available.
Are entrepreneurship programs offered?,Yes startup incubation and entrepreneurship training are available.
Is there a student innovation lab?,Yes labs for innovation and prototyping are available.
Is there a library?,Yes a digital and physical library with 100000+ books is available.
Are e-journals accessible?,Yes e-journals and research databases are accessible remotely.
Is WiFi campus-wide?,Yes WiFi is available throughout the campus.
Are computer labs modern?,Yes labs are equipped with latest computers and software.
Are sports facilities available?,Yes indoor and outdoor sports facilities are present.
Is there a gym?,Yes multiple gyms with modern equipment are available.
Are cultural events conducted?,Yes annual fests; music; dance; and drama events are held.
Are student clubs active?,Yes technical; cultural; sports; and hobby clubs are active.
Is there a student council?,Yes elected student council represents students.
Are leadership programs available?,Yes leadership and personality development programs are offered.
Is medical facility available?,Yes on-campus hospital and clinics are operational.
Is ambulance service available?,Yes emergency ambulance service is available 24x7.
Are counseling services available?,Yes mental health and career counseling is provided.
Is transportation available?,Yes buses operate from major city points.
Are bikes/cars allowed?,Yes personal vehicles are allowed with registration.
Are parking facilities available?,Yes ample parking is provided for students and staff.
Are canteens hygienic?,Yes multiple hygienic food courts and canteens exist.
Is cafeteria open on weekends?,Yes some cafeterias are operational on weekends.
Is hostel WiFi available?,Yes high-speed internet is provided in hostels.
Are laundry services available?,Yes laundry facilities are provided in hostels.
Is room maintenance available?,Yes hostel maintenance support is provided.
Is round the clock security available?,Yes campus is monitored 24x7 with CCTV and guards.
Are emergency drills conducted?,Yes regular safety drills are conducted.
Is the campus eco-friendly?,Yes waste management; solar panels; and green initiatives are implemented.
Are recycling facilities available?,Yes separate bins and recycling units are present.
Are students allowed to travel abroad?,Yes with prior permission and approval.
Are study tours organized?,Yes study tours are part of curriculum.
Are field trips mandatory?,Some courses include mandatory field trips.
Are lab experiments compulsory?,Yes experiments are required for practical courses.
Are library memberships free?,Yes free membership for students is provided.
Can alumni access library?,Yes alumni can access library facilities with ID.
Are textbooks available for rent?,Yes book rental system is available.
Are graduation ceremonies conducted?,Yes annual convocation ceremonies are organized.
Is graduation attendance mandatory?,Yes students must complete credits to attend.
Are degree certificates issued timely?,Yes certificates are issued within 1-2 months after graduation.
Are transcripts available?,Yes official transcripts are provided upon request.
Are transcripts chargeable?,Minimal fees apply for official transcripts.
Can student personal details be updated?,Yes via student portal or admin office.
Is there a grievance redressal mechanism?,Yes grievance cell addresses student issues.
Are student surveys conducted?,Yes feedback surveys are conducted regularly.
Is placement data published?,Yes placement reports are publicly shared.
Are faculty ratings available?,Yes students can rate faculty anonymously.
Is career guidance available?,Yes guidance for higher studies and careers is offered.
Are soft skills classes conducted?,Yes communication and leadership workshops are held.
Are entrepreneurship competitions conducted?,Yes hackathons and startup competitions are organized.
Are summer camps organized?,Yes skill development summer camps are conducted.
Are hostels air conditioned?,Some premium hostels are AC.
Are hostels furnished?,Yes hostels are fully furnished.
Are counseling sessions confidential?,Yes all counseling sessions are confidential.
Are mental health workshops conducted?,Yes regular awareness and wellness programs are organized.